Bank,MSE,MAE,RMSE,MAPE (%)
SBI,1960.4823882423027,30.17610632961536,44.27733492705159,3.2276431331726703
HDFC,17240.776253413824,61.23180578760355,131.30413646726376,5.29879170143995
ICICI,1013.1351384587699,24.533133314508028,31.829783826767816,1.75999042616095
